low,iqm,high,n_runs
236.46507342949087,239.7625679667708,244.1097859101953,15
