low,iqm,high,n_runs
278.63707531114585,285.11918985625005,286.66777634958333,15
