low,iqm,high,n_runs
180.100301725709,188.8834168589453,196.57912684856575,15
