low,iqm,high,n_runs
277.56025820697914,283.1079179416667,285.4719737576042,15
