low,iqm,high,n_runs
281.93667257734376,284.9900992947917,286.7961404850521,15
