low,iqm,high,n_runs
179.32490699172203,193.3474681578125,204.17008694142837,15
