low,iqm,high,n_runs
179.58991602956183,194.75817130127604,203.6831951911471,15
