low,iqm,high,n_runs
238.79416215323243,241.95210540388018,245.0212613312715,15
