low,iqm,high,n_runs
213.53417513333332,248.41035326666668,255.59542121111113,6
