low,iqm,high,n_runs
215.4583162453704,219.31659218129633,226.5620945075926,6
