low,iqm,high,n_runs
210.26795564444444,233.55442100555558,263.79525321666665,6
