low,iqm,high,n_runs
226.1919333999074,232.01031115842594,239.65364202249998,6
