low,iqm,high,n_runs
227.24201688574075,230.00068628611112,236.3003816614815,6
