low,iqm,high,n_runs
195.21110969999995,228.8665378722222,238.70846152222222,6
