low,iqm,high,n_runs
27.886291600633918,28.36687797147385,28.912440570522982,8
