low,iqm,high,n_runs
2.8763866877971473,3.202060221870047,3.478605388272583,8
