low,iqm,high,n_runs
30.912836767036453,32.56418383518225,33.07606973058637,8
