low,iqm,high,n_runs
172.41370817083333,191.6205645708333,215.9277021833333,7
