low,iqm,high,n_runs
284.19547509812503,287.41224748750005,289.27673151427086,15
