low,iqm,high,n_runs
216.19245735807536,222.34118909805554,228.54675791993057,7
