low,iqm,high,n_runs
284.4459106817188,286.09329335520835,287.08632638177085,15
