low,iqm,high,n_runs
206.08274402425923,210.14224368564814,214.08110887374997,6
