low,iqm,high,n_runs
175.13387047222224,208.02111582777778,239.66002981666665,6
