low,iqm,high,n_runs
179.29557808333334,196.35008449444445,231.90200187222226,6
