low,iqm,high,n_runs
185.04450181874998,209.63311164374997,233.88652818937499,8
