low,iqm,high,n_runs
205.3999243855123,209.03899465270834,213.29354031364582,7
