low,iqm,high,n_runs
176.126513025,189.42679067916663,203.54234649999995,7
