low,iqm,high,n_runs
206.31656713409723,210.5883984248611,214.02798801788197,8
