low,iqm,high,n_runs
176.5090980875,192.83724954166667,225.1261003125,7
