low,iqm,high,n_runs
177.23699124879752,196.29328767486976,207.37995067316993,15
