low,iqm,high,n_runs
178.80012709999997,195.2264237833333,205.88441572777774,6
