low,iqm,high,n_runs
207.51809438006947,209.092052964375,210.9556150551736,7
