low,iqm,high,n_runs
220.63865118423612,223.08886023215277,228.54675791993057,7
