low,iqm,high,n_runs
179.05692275833331,202.21471417916663,224.0218161833333,8
