low,iqm,high,n_runs
206.57578185990738,209.07430513517238,210.66922039847222,6
