low,iqm,high,n_runs
207.97736812135417,209.86043809878473,211.30951481711804,8
