low,iqm,high,n_runs
172.40530949739585,182.8289108583333,204.1842063833333,7
