low,iqm,high,n_runs
256.64775114645835,266.7597960270833,275.054500410625,15
