low,iqm,high,n_runs
207.52813791524306,209.4770056461015,211.5432031920486,8
