low,iqm,high,n_runs
270.0514960773958,275.03810005937504,278.5591496458333,15
