low,iqm,high,n_runs
207.62113151111112,209.70945019898147,211.32107027921293,6
