low,iqm,high,n_runs
167.42982984133658,188.4994717586328,205.07464508559175,15
