low,iqm,high,n_runs
0.9656250000000001,0.975,0.984375,8
