low,iqm,high,n_runs
7.503674722662441,9.73177496038035,11.159667194928684,8
