low,iqm,high,n_runs
9.526941362916006,9.924920760697304,10.267036450079239,8
