low,iqm,high,n_runs
14.755150554675119,15.094690966719494,15.68541996830428,8
