low,iqm,high,n_runs
210.39154946312502,214.60863637875002,221.37933083093753,8
