low,iqm,high,n_runs
218.79597741578124,225.71425012390625,230.7436259425,8
