low,iqm,high,n_runs
202.1722164375,213.663948665625,245.87650137499998,8
