low,iqm,high,n_runs
122.853125,126.23125,131.171875,8
