low,iqm,high,n_runs
180.73452997083336,197.41360187500004,227.67189855,8
