low,iqm,high,n_runs
186.32152542416668,216.81674054583334,239.04731389166668,8
