low,iqm,high,n_runs
221.471195909375,224.8442180645486,229.82271699597223,8
