low,iqm,high,n_runs
191.5272180625,201.5836287520833,225.23072561666666,8
