low,iqm,high,n_runs
229.04198075037587,231.75473957064236,235.12436388364668,15
