low,iqm,high,n_runs
90.84860990131945,113.48170265694445,142.64231924118656,15
