low,iqm,high,n_runs
264.30876824265624,274.22872758541666,277.15310333114576,15
