low,iqm,high,n_runs
224.90709170177433,229.85540293515626,235.33037243348005,15
