low,iqm,high,n_runs
130.73345339836806,157.6557633120139,177.859488097579,15
