low,iqm,high,n_runs
266.87313710302084,275.0275089885416,279.86208413124996,15
