low,iqm,high,n_runs
278.06519199421876,279.8077022625,282.22037898531255,15
