low,iqm,high,n_runs
282.45930022015625,283.4980799260416,284.5352300758854,15
